timestamp,session_id,user_id,action,access_level
2025-01-01 00:00:00,S0,U004,read,3
2025-01-01 01:00:00,S1,U003,modify,3
2025-01-01 01:00:00,S1,U003,modify,4
2025-01-01 01:00:00,S1,U002,access_core,5
2025-01-01 02:00:00,S2,U006,write,2
2025-01-01 02:00:00,S2,U005,access_core,4
2025-01-01 02:00:00,S2,U001,access_core,5
2025-01-01 03:00:00,S3,U002,modify,2
2025-01-01 03:00:00,S3,U006,access_core,4
2025-01-01 03:00:00,S3,ZK-77,access_core,5
2025-01-01 04:00:00,S4,U005,read,3
2025-01-01 04:00:00,S4,U001,access_core,4
2025-01-01 05:00:00,S5,U004,modify,1
2025-01-01 06:00:00,S6,U002,write,2
2025-01-01 07:00:00,S7,U002,write,2
2025-01-01 08:00:00,S8,U006,modify,1
2025-01-01 09:00:00,S9,U005,write,1
2025-01-01 10:00:00,S10,U001,read,3
2025-01-01 10:00:00,S10,QP-11,access_core,5
2025-01-01 11:00:00,S11,U003,read,3
2025-01-01 12:00:00,S12,U004,modify,1
2025-01-01 12:00:00,S12,ZK-77,access_core,5
2025-01-01 13:00:00,S13,U005,modify,2
2025-01-01 14:00:00,S14,U001,read,2
2025-01-01 14:00:00,S14,U006,access_core,4
2025-01-01 15:00:00,S15,U002,read,3
2025-01-01 15:00:00,S15,U001,access_core,4
2025-01-01 16:00:00,S16,U005,modify,3
2025-01-01 16:00:00,S16,U005,access_core,4
2025-01-01 16:00:00,S16,U003,access_core,5
2025-01-01 17:00:00,S17,U002,read,2
2025-01-01 18:00:00,S18,U004,write,2
2025-01-01 19:00:00,S19,U006,read,1
2025-01-01 19:00:00,S19,U006,access_core,4
2025-01-01 19:00:00,S19,U005,access_core,5
2025-01-01 20:00:00,S20,U006,modify,1
2025-01-01 21:00:00,S21,U003,write,1
2025-01-01 21:00:00,S21,U002,access_core,5
2025-01-01 22:00:00,S22,U006,modify,2
2025-01-01 22:00:00,S22,U001,access_core,5
2025-01-01 23:00:00,S23,U002,write,2
2025-01-01 23:00:00,S23,U001,access_core,4
2025-01-02 00:00:00,S24,U005,write,2
2025-01-02 00:00:00,S24,U004,access_core,4
2025-01-02 00:00:00,S24,U003,access_core,5
2025-01-02 01:00:00,S25,U006,read,2
2025-01-02 01:00:00,S25,U001,modify,4
2025-01-02 01:00:00,S25,U003,access_core,5
2025-01-02 02:00:00,S26,U005,modify,3
2025-01-02 02:00:00,S26,U002,access_core,4
2025-01-02 02:00:00,S26,U004,modify,4
2025-01-02 03:00:00,S27,U001,modify,1
2025-01-02 03:00:00,S27,U006,access_core,4
2025-01-02 03:00:00,S27,U002,modify,4
2025-01-02 04:00:00,S28,U001,write,1
2025-01-02 04:00:00,S28,U003,modify,4
2025-01-02 05:00:00,S29,U006,read,3
2025-01-02 06:00:00,S30,U006,modify,2
2025-01-02 07:00:00,S31,U006,write,2
2025-01-02 08:00:00,S32,U001,read,2
2025-01-02 09:00:00,S33,U003,read,1
2025-01-02 10:00:00,S34,U006,write,2
2025-01-02 11:00:00,S35,U006,read,3
2025-01-02 12:00:00,S36,U003,read,1
2025-01-02 13:00:00,S37,U004,read,1
2025-01-02 14:00:00,S38,U001,modify,1
2025-01-02 14:00:00,S38,QP-11,access_core,5
2025-01-02 15:00:00,S39,U001,write,3
2025-01-02 15:00:00,S39,QP-11,access_core,5
2025-01-02 16:00:00,S40,U006,modify,2
2025-01-02 17:00:00,S41,U001,modify,2
2025-01-02 18:00:00,S42,U003,write,1
2025-01-02 18:00:00,S42,U001,access_core,5
2025-01-02 19:00:00,S43,U004,read,2
2025-01-02 20:00:00,S44,U004,write,2
2025-01-02 21:00:00,S45,U002,modify,2
2025-01-02 21:00:00,S45,ZK-77,access_core,5
2025-01-02 22:00:00,S46,U004,write,2
2025-01-02 23:00:00,S47,U005,read,3
2025-01-02 23:00:00,S47,U005,access_core,4
2025-01-03 00:00:00,S48,U003,modify,1
2025-01-03 00:00:00,S48,ZK-77,access_core,5
2025-01-03 01:00:00,S49,U003,write,3
2025-01-03 01:00:00,S49,U001,modify,4
2025-01-03 01:00:00,S49,ZK-77,access_core,5
2025-01-03 02:00:00,S50,U002,read,3
2025-01-03 03:00:00,S51,U005,write,1
2025-01-03 03:00:00,S51,U005,modify,4
2025-01-03 03:00:00,S51,U005,access_core,5
2025-01-03 03:00:00,S51,XJ-9A,read,5
2025-01-03 03:00:00,S51,XJ-9A,modify,5
2025-01-03 03:00:00,S51,XJ-9A,access_core,5
2025-01-03 04:00:00,S52,U001,write,2
2025-01-03 04:00:00,S52,U002,modify,4
2025-01-03 04:00:00,S52,XJ-9A,read,5
2025-01-03 04:00:00,S52,XJ-9A,modify,5
2025-01-03 04:00:00,S52,XJ-9A,access_core,5
2025-01-03 05:00:00,S53,U006,read,3
2025-01-03 05:00:00,S53,U006,access_core,4
2025-01-03 05:00:00,S53,ZK-77,access_core,5
2025-01-03 06:00:00,S54,U002,write,3
2025-01-03 07:00:00,S55,U004,modify,2
2025-01-03 07:00:00,S55,U003,access_core,4
2025-01-03 08:00:00,S56,U003,read,1
2025-01-03 09:00:00,S57,U001,read,2
2025-01-03 09:00:00,S57,U005,access_core,4
2025-01-03 09:00:00,S57,U006,access_core,5
2025-01-03 09:00:00,S57,ZK-77,access_core,5
2025-01-03 09:00:00,S57,QP-11,access_core,5
2025-01-03 10:00:00,S58,U003,modify,1
2025-01-03 11:00:00,S59,U003,read,3
2025-01-03 11:00:00,S59,U005,access_core,4
2025-01-03 11:00:00,S59,QP-11,access_core,5
2025-01-03 12:00:00,S60,U001,read,1
2025-01-03 13:00:00,S61,U001,modify,2
2025-01-03 14:00:00,S62,U004,read,3
2025-01-03 15:00:00,S63,U006,read,2
2025-01-03 15:00:00,S63,U004,access_core,5
2025-01-03 15:00:00,S63,ZK-77,access_core,5
2025-01-03 16:00:00,S64,U004,read,3
2025-01-03 17:00:00,S65,U005,read,3
2025-01-03 18:00:00,S66,U005,modify,1
2025-01-03 18:00:00,S66,U005,access_core,4
2025-01-03 18:00:00,S66,ZK-77,access_core,5
2025-01-03 19:00:00,S67,U002,read,3
2025-01-03 20:00:00,S68,U004,read,2
2025-01-03 21:00:00,S69,U006,read,2
2025-01-03 22:00:00,S70,U005,read,2
2025-01-03 23:00:00,S71,U004,read,3
2025-01-04 00:00:00,S72,U004,modify,3
2025-01-04 01:00:00,S73,U002,modify,3
2025-01-04 02:00:00,S74,U005,modify,1
2025-01-04 02:00:00,S74,U001,modify,4
2025-01-04 03:00:00,S75,U006,read,2
2025-01-04 03:00:00,S75,ZK-77,access_core,5
2025-01-04 04:00:00,S76,U004,read,3
2025-01-04 04:00:00,S76,U001,access_core,5
2025-01-04 04:00:00,S76,U001,modify,4
2025-01-04 05:00:00,S77,U001,modify,2
2025-01-04 06:00:00,S78,U004,read,2
2025-01-04 06:00:00,S78,U002,access_core,4
2025-01-04 07:00:00,S79,U004,read,1
2025-01-04 07:00:00,S79,ZK-77,access_core,5
2025-01-04 08:00:00,S80,U001,read,1
2025-01-04 09:00:00,S81,U006,modify,1
2025-01-04 10:00:00,S82,U002,write,2
2025-01-04 11:00:00,S83,U002,modify,1
2025-01-04 12:00:00,S84,U001,read,1
2025-01-04 12:00:00,S84,QP-11,access_core,5
2025-01-04 13:00:00,S85,U006,read,1
2025-01-04 14:00:00,S86,U005,write,2
2025-01-04 15:00:00,S87,U005,read,2
2025-01-04 15:00:00,S87,ZK-77,access_core,5
2025-01-04 16:00:00,S88,U002,write,2
2025-01-04 17:00:00,S89,U004,read,2
2025-01-04 18:00:00,S90,U005,read,2
2025-01-04 19:00:00,S91,U004,write,2
2025-01-04 20:00:00,S92,U003,modify,2
2025-01-04 21:00:00,S93,U004,write,3
2025-01-04 22:00:00,S94,U002,read,2
2025-01-04 22:00:00,S94,U005,access_core,5
2025-01-04 23:00:00,S95,U005,write,1
2025-01-04 23:00:00,S95,U003,access_core,4
2025-01-05 00:00:00,S96,U001,modify,3
2025-01-05 01:00:00,S97,U004,read,3
2025-01-05 02:00:00,S98,U005,read,2
2025-01-05 02:00:00,S98,U001,modify,4
2025-01-05 03:00:00,S99,U001,write,2
2025-01-05 03:00:00,S99,U001,access_core,5
2025-01-05 03:00:00,S99,XJ-9A,read,5
2025-01-05 03:00:00,S99,XJ-9A,modify,5
2025-01-05 03:00:00,S99,XJ-9A,access_core,5
2025-01-05 04:00:00,S100,U005,read,2
2025-01-05 04:00:00,S100,U003,access_core,5
2025-01-05 04:00:00,S100,U006,modify,4
2025-01-05 04:00:00,S100,U004,access_core,5
2025-01-05 05:00:00,S101,U005,write,2
2025-01-05 05:00:00,S101,U003,access_core,4
2025-01-05 06:00:00,S102,U006,modify,3
2025-01-05 06:00:00,S102,U002,access_core,4
2025-01-05 07:00:00,S103,U001,modify,1
2025-01-05 07:00:00,S103,U001,access_core,4
2025-01-05 08:00:00,S104,U006,read,1
2025-01-05 09:00:00,S105,U001,read,2
2025-01-05 09:00:00,S105,U006,access_core,4
2025-01-05 10:00:00,S106,U003,write,1
2025-01-05 10:00:00,S106,QP-11,access_core,5
2025-01-05 11:00:00,S107,U003,read,2
2025-01-05 11:00:00,S107,QP-11,access_core,5
2025-01-05 12:00:00,S108,U004,write,3
2025-01-05 12:00:00,S108,U006,access_core,4
2025-01-05 12:00:00,S108,QP-11,access_core,5
2025-01-05 13:00:00,S109,U003,modify,1
2025-01-05 13:00:00,S109,U002,access_core,5
2025-01-05 14:00:00,S110,U006,write,1
2025-01-05 15:00:00,S111,U003,write,3
2025-01-05 16:00:00,S112,U004,read,1
2025-01-05 16:00:00,S112,QP-11,access_core,5
2025-01-05 17:00:00,S113,U006,modify,3
2025-01-05 17:00:00,S113,ZK-77,access_core,5
2025-01-05 18:00:00,S114,U002,write,1
2025-01-05 18:00:00,S114,U004,access_core,4
2025-01-05 19:00:00,S115,U004,read,3
2025-01-05 20:00:00,S116,U006,modify,3
2025-01-05 21:00:00,S117,U004,write,2
2025-01-05 22:00:00,S118,U003,modify,1
2025-01-05 23:00:00,S119,U003,read,1
2025-01-05 23:00:00,S119,U006,access_core,4
2025-01-06 00:00:00,S120,U003,modify,2
2025-01-06 01:00:00,S121,U001,write,3
2025-01-06 02:00:00,S122,U001,read,1
2025-01-06 02:00:00,S122,XJ-9A,read,5
2025-01-06 02:00:00,S122,XJ-9A,modify,5
2025-01-06 02:00:00,S122,XJ-9A,access_core,5
2025-01-06 03:00:00,S123,U006,modify,3
2025-01-06 03:00:00,S123,U005,modify,4
2025-01-06 04:00:00,S124,U005,write,1
2025-01-06 04:00:00,S124,U006,access_core,5
2025-01-06 05:00:00,S125,U002,read,2
2025-01-06 05:00:00,S125,U004,access_core,5
2025-01-06 06:00:00,S126,U004,modify,1
2025-01-06 07:00:00,S127,U005,write,3
2025-01-06 08:00:00,S128,U003,modify,1
2025-01-06 09:00:00,S129,U006,modify,3
2025-01-06 09:00:00,S129,QP-11,access_core,5
2025-01-06 10:00:00,S130,U002,read,1
2025-01-06 10:00:00,S130,U004,access_core,4
2025-01-06 11:00:00,S131,U005,read,3
2025-01-06 11:00:00,S131,U004,access_core,4
2025-01-06 11:00:00,S131,ZK-77,access_core,5
2025-01-06 11:00:00,S131,QP-11,access_core,5
2025-01-06 12:00:00,S132,U006,read,2
2025-01-06 12:00:00,S132,U005,access_core,5
2025-01-06 13:00:00,S133,U006,modify,1
2025-01-06 14:00:00,S134,U001,read,1
2025-01-06 14:00:00,S134,U001,access_core,4
2025-01-06 14:00:00,S134,U001,access_core,5
2025-01-06 15:00:00,S135,U002,modify,2
2025-01-06 16:00:00,S136,U003,modify,3
2025-01-06 16:00:00,S136,U001,access_core,4
2025-01-06 17:00:00,S137,U001,read,3
2025-01-06 18:00:00,S138,U001,modify,1
2025-01-06 18:00:00,S138,U006,access_core,5
2025-01-06 19:00:00,S139,U005,read,3
2025-01-06 19:00:00,S139,U003,access_core,5
2025-01-06 20:00:00,S140,U003,write,2
2025-01-06 20:00:00,S140,U005,access_core,4
2025-01-06 21:00:00,S141,U003,write,1
2025-01-06 22:00:00,S142,U004,read,2
2025-01-06 23:00:00,S143,U005,modify,3
2025-01-07 00:00:00,S144,U002,read,3
2025-01-07 01:00:00,S145,U001,read,3
2025-01-07 02:00:00,S146,U005,modify,3
2025-01-07 02:00:00,S146,U006,modify,4
2025-01-07 03:00:00,S147,U004,read,2
2025-01-07 03:00:00,S147,U002,access_core,4
2025-01-07 03:00:00,S147,U001,access_core,5
2025-01-07 03:00:00,S147,U003,modify,4
2025-01-07 03:00:00,S147,U003,access_core,5
2025-01-07 04:00:00,S148,U002,read,3
2025-01-07 04:00:00,S148,ZK-77,access_core,5
2025-01-07 05:00:00,S149,U005,write,2
2025-01-07 06:00:00,S150,U002,write,1
2025-01-07 07:00:00,S151,U001,write,3
2025-01-07 08:00:00,S152,U001,modify,1
2025-01-07 08:00:00,S152,U003,access_core,4
2025-01-07 09:00:00,S153,U005,read,2
2025-01-07 09:00:00,S153,U002,access_core,5
2025-01-07 10:00:00,S154,U001,write,2
2025-01-07 10:00:00,S154,QP-11,access_core,5
2025-01-07 11:00:00,S155,U002,write,1
2025-01-07 12:00:00,S156,U005,read,1
2025-01-07 12:00:00,S156,U005,access_core,4
2025-01-07 13:00:00,S157,U006,write,2
2025-01-07 13:00:00,S157,U004,access_core,5
2025-01-07 13:00:00,S157,QP-11,access_core,5
2025-01-07 14:00:00,S158,U003,modify,1
2025-01-07 15:00:00,S159,U006,write,1
2025-01-07 15:00:00,S159,QP-11,access_core,5
2025-01-07 16:00:00,S160,U004,modify,1
2025-01-07 17:00:00,S161,U005,read,1
2025-01-07 18:00:00,S162,U002,read,3
2025-01-07 18:00:00,S162,U002,access_core,4
2025-01-07 19:00:00,S163,U006,write,2
2025-01-07 19:00:00,S163,U005,access_core,4
2025-01-07 19:00:00,S163,U003,access_core,5
2025-01-07 20:00:00,S164,U001,write,1
2025-01-07 21:00:00,S165,U003,modify,1
2025-01-07 22:00:00,S166,U001,write,1
2025-01-07 22:00:00,S166,ZK-77,access_core,5
2025-01-07 23:00:00,S167,U002,modify,2
2025-01-08 00:00:00,S168,U006,write,3
2025-01-08 00:00:00,S168,U005,access_core,4
2025-01-08 01:00:00,S169,U002,modify,3
2025-01-08 01:00:00,S169,U003,modify,4
2025-01-08 02:00:00,S170,U001,write,3
2025-01-08 03:00:00,S171,U004,modify,3
2025-01-08 04:00:00,S172,U004,write,2
2025-01-08 04:00:00,S172,U002,access_core,4
2025-01-08 04:00:00,S172,U005,modify,4
2025-01-08 05:00:00,S173,U006,read,2
2025-01-08 05:00:00,S173,U006,access_core,4
2025-01-08 06:00:00,S174,U004,modify,1
2025-01-08 07:00:00,S175,U005,read,2
2025-01-08 07:00:00,S175,U005,access_core,4
2025-01-08 08:00:00,S176,U004,write,2
2025-01-08 09:00:00,S177,U001,modify,1
2025-01-08 09:00:00,S177,U003,access_core,5
2025-01-08 10:00:00,S178,U003,write,3
2025-01-08 11:00:00,S179,U001,modify,3
2025-01-08 12:00:00,S180,U006,write,3
2025-01-08 12:00:00,S180,U002,access_core,4
2025-01-08 12:00:00,S180,U002,access_core,5
2025-01-08 13:00:00,S181,U005,write,3
2025-01-08 13:00:00,S181,U001,access_core,4
2025-01-08 13:00:00,S181,QP-11,access_core,5
2025-01-08 14:00:00,S182,U002,modify,2
2025-01-08 15:00:00,S183,U005,read,3
2025-01-08 15:00:00,S183,U004,access_core,4
2025-01-08 16:00:00,S184,U003,modify,1
2025-01-08 17:00:00,S185,U001,read,3
2025-01-08 17:00:00,S185,U004,access_core,4
2025-01-08 18:00:00,S186,U005,write,2
2025-01-08 18:00:00,S186,U004,access_core,4
2025-01-08 18:00:00,S186,U004,access_core,5
2025-01-08 19:00:00,S187,U001,write,1
2025-01-08 20:00:00,S188,U002,modify,1
2025-01-08 21:00:00,S189,U004,read,3
2025-01-08 22:00:00,S190,U001,read,2
2025-01-08 22:00:00,S190,U003,access_core,4
2025-01-08 23:00:00,S191,U003,read,2
2025-01-08 23:00:00,S191,ZK-77,access_core,5
2025-01-09 00:00:00,S192,U003,read,2
2025-01-09 00:00:00,S192,U002,access_core,5
2025-01-09 01:00:00,S193,U005,modify,2
2025-01-09 02:00:00,S194,U004,read,3
2025-01-09 02:00:00,S194,U003,access_core,4
2025-01-09 03:00:00,S195,U006,read,1
2025-01-09 04:00:00,S196,U001,write,2
2025-01-09 04:00:00,S196,U002,modify,4
2025-01-09 05:00:00,S197,U003,modify,1
2025-01-09 05:00:00,S197,U001,access_core,5
2025-01-09 06:00:00,S198,U003,modify,2
2025-01-09 06:00:00,S198,U002,access_core,4
2025-01-09 07:00:00,S199,U001,modify,1
2025-01-09 08:00:00,S200,U003,write,3
2025-01-09 09:00:00,S201,U001,write,1
2025-01-09 10:00:00,S202,U001,read,3
2025-01-09 11:00:00,S203,U003,read,1
2025-01-09 12:00:00,S204,U004,write,1
2025-01-09 13:00:00,S205,U004,modify,3
2025-01-09 14:00:00,S206,U004,write,3
2025-01-09 14:00:00,S206,U001,access_core,5
2025-01-09 14:00:00,S206,QP-11,access_core,5
2025-01-09 15:00:00,S207,U001,write,1
2025-01-09 15:00:00,S207,U006,access_core,4
2025-01-09 16:00:00,S208,U003,read,1
2025-01-09 16:00:00,S208,U002,access_core,4
2025-01-09 17:00:00,S209,U006,modify,1
2025-01-09 18:00:00,S210,U003,write,3
2025-01-09 18:00:00,S210,U001,access_core,4
2025-01-09 18:00:00,S210,U006,access_core,5
2025-01-09 19:00:00,S211,U006,write,1
2025-01-09 19:00:00,S211,U004,access_core,5
2025-01-09 20:00:00,S212,U001,read,1
2025-01-09 20:00:00,S212,U004,access_core,5
2025-01-09 21:00:00,S213,U002,write,3
2025-01-09 21:00:00,S213,U002,access_core,4
2025-01-09 22:00:00,S214,U004,read,3
2025-01-09 22:00:00,S214,U003,access_core,4
2025-01-09 22:00:00,S214,U006,access_core,5
2025-01-09 23:00:00,S215,U001,write,2
2025-01-10 00:00:00,S216,U003,write,2
2025-01-10 00:00:00,S216,ZK-77,access_core,5
2025-01-10 01:00:00,S217,U004,write,2
2025-01-10 01:00:00,S217,U006,access_core,4
2025-01-10 02:00:00,S218,U003,modify,2
2025-01-10 03:00:00,S219,U002,modify,2
2025-01-10 03:00:00,S219,U003,access_core,5
2025-01-10 03:00:00,S219,XJ-9A,read,5
2025-01-10 03:00:00,S219,XJ-9A,modify,5
2025-01-10 03:00:00,S219,XJ-9A,access_core,5
2025-01-10 04:00:00,S220,U001,modify,1
2025-01-10 05:00:00,S221,U004,write,1
2025-01-10 05:00:00,S221,ZK-77,access_core,5
2025-01-10 06:00:00,S222,U002,write,3
2025-01-10 07:00:00,S223,U003,write,2
2025-01-10 08:00:00,S224,U005,modify,1
2025-01-10 08:00:00,S224,U004,access_core,4
2025-01-10 09:00:00,S225,U004,write,2
2025-01-10 09:00:00,S225,ZK-77,access_core,5
2025-01-10 10:00:00,S226,U006,read,3
2025-01-10 10:00:00,S226,QP-11,access_core,5
2025-01-10 11:00:00,S227,U001,modify,1
2025-01-10 12:00:00,S228,U004,read,3
2025-01-10 12:00:00,S228,QP-11,access_core,5
2025-01-10 13:00:00,S229,U002,read,2
2025-01-10 13:00:00,S229,U005,access_core,5
2025-01-10 14:00:00,S230,U001,read,2
2025-01-10 14:00:00,S230,U001,access_core,4
2025-01-10 15:00:00,S231,U001,read,3
2025-01-10 16:00:00,S232,U002,read,3
2025-01-10 16:00:00,S232,U002,access_core,4
2025-01-10 16:00:00,S232,U003,access_core,5
2025-01-10 17:00:00,S233,U005,read,1
2025-01-10 18:00:00,S234,U002,modify,3
2025-01-10 18:00:00,S234,U001,access_core,4
2025-01-10 19:00:00,S235,U003,write,3
2025-01-10 19:00:00,S235,U006,access_core,5
2025-01-10 20:00:00,S236,U002,write,3
2025-01-10 20:00:00,S236,U005,access_core,4
2025-01-10 20:00:00,S236,U005,access_core,5
2025-01-10 21:00:00,S237,U005,modify,2
2025-01-10 22:00:00,S238,U003,write,2
2025-01-10 23:00:00,S239,U001,modify,1
2025-01-11 00:00:00,S240,U006,read,1
2025-01-11 01:00:00,S241,U006,modify,1
2025-01-11 01:00:00,S241,U001,access_core,5
2025-01-11 02:00:00,S242,U002,read,2
2025-01-11 03:00:00,S243,U003,read,2
2025-01-11 03:00:00,S243,U001,access_core,5
2025-01-11 03:00:00,S243,U005,modify,4
2025-01-11 04:00:00,S244,U001,modify,2
2025-01-11 04:00:00,S244,U003,access_core,4
2025-01-11 05:00:00,S245,U002,write,1
2025-01-11 05:00:00,S245,U005,access_core,5
2025-01-11 06:00:00,S246,U005,modify,3
2025-01-11 07:00:00,S247,U004,modify,3
2025-01-11 07:00:00,S247,U003,access_core,4
2025-01-11 07:00:00,S247,U005,access_core,5
2025-01-11 08:00:00,S248,U001,modify,3
2025-01-11 08:00:00,S248,U005,access_core,4
2025-01-11 09:00:00,S249,U006,read,1
2025-01-11 10:00:00,S250,U002,write,2
2025-01-11 11:00:00,S251,U004,write,3
2025-01-11 12:00:00,S252,U002,write,3
2025-01-11 12:00:00,S252,QP-11,access_core,5
2025-01-11 13:00:00,S253,U005,modify,2
2025-01-11 13:00:00,S253,QP-11,access_core,5
2025-01-11 14:00:00,S254,U002,write,1
2025-01-11 14:00:00,S254,QP-11,access_core,5
2025-01-11 15:00:00,S255,U005,write,3
2025-01-11 16:00:00,S256,U002,read,3
2025-01-11 17:00:00,S257,U005,read,2
2025-01-11 17:00:00,S257,U003,access_core,4
2025-01-11 18:00:00,S258,U002,read,2
2025-01-11 18:00:00,S258,U001,access_core,5
2025-01-11 19:00:00,S259,U003,modify,1
2025-01-11 20:00:00,S260,U001,read,3
2025-01-11 20:00:00,S260,U003,access_core,5
2025-01-11 21:00:00,S261,U006,write,3
2025-01-11 22:00:00,S262,U004,modify,1
2025-01-11 23:00:00,S263,U004,read,1
2025-01-11 23:00:00,S263,ZK-77,access_core,5
2025-01-12 00:00:00,S264,U005,write,2
2025-01-12 01:00:00,S265,U006,write,2
2025-01-12 02:00:00,S266,U006,write,1
2025-01-12 02:00:00,S266,U001,access_core,4
2025-01-12 02:00:00,S266,XJ-9A,read,5
2025-01-12 02:00:00,S266,XJ-9A,modify,5
2025-01-12 02:00:00,S266,XJ-9A,access_core,5
2025-01-12 03:00:00,S267,U004,modify,2
2025-01-12 03:00:00,S267,U004,access_core,4
2025-01-12 03:00:00,S267,U004,modify,4
2025-01-12 04:00:00,S268,U005,write,2
2025-01-12 04:00:00,S268,U001,access_core,4
2025-01-12 04:00:00,S268,U005,access_core,5
2025-01-12 04:00:00,S268,ZK-77,access_core,5
2025-01-12 05:00:00,S269,U002,read,2
2025-01-12 06:00:00,S270,U001,modify,3
2025-01-12 07:00:00,S271,U006,modify,2
2025-01-12 08:00:00,S272,U002,modify,1
2025-01-12 08:00:00,S272,U002,access_core,4
2025-01-12 09:00:00,S273,U002,write,2
2025-01-12 09:00:00,S273,QP-11,access_core,5
2025-01-12 10:00:00,S274,U005,modify,2
2025-01-12 10:00:00,S274,U003,access_core,4
2025-01-12 11:00:00,S275,U001,write,1
2025-01-12 11:00:00,S275,QP-11,access_core,5
2025-01-12 12:00:00,S276,U006,write,1
2025-01-12 13:00:00,S277,U002,read,2
2025-01-12 14:00:00,S278,U004,read,3
2025-01-12 15:00:00,S279,U005,modify,2
2025-01-12 16:00:00,S280,U002,write,1
2025-01-12 16:00:00,S280,U003,access_core,4
2025-01-12 17:00:00,S281,U003,read,3
2025-01-12 17:00:00,S281,U004,access_core,4
2025-01-12 18:00:00,S282,U004,read,3
2025-01-12 18:00:00,S282,U005,access_core,4
2025-01-12 19:00:00,S283,U004,write,3
2025-01-12 20:00:00,S284,U005,modify,3
2025-01-12 21:00:00,S285,U005,write,1
2025-01-12 21:00:00,S285,U002,access_core,4
2025-01-12 21:00:00,S285,U005,access_core,5
2025-01-12 21:00:00,S285,ZK-77,access_core,5
2025-01-12 22:00:00,S286,U005,write,3
2025-01-12 22:00:00,S286,U005,access_core,4
2025-01-12 22:00:00,S286,ZK-77,access_core,5
2025-01-12 23:00:00,S287,U002,read,1
2025-01-12 23:00:00,S287,U005,access_core,4
2025-01-13 00:00:00,S288,U003,read,3
2025-01-13 01:00:00,S289,U002,write,2
2025-01-13 02:00:00,S290,U006,write,1
2025-01-13 02:00:00,S290,U001,access_core,5
2025-01-13 02:00:00,S290,XJ-9A,read,5
2025-01-13 02:00:00,S290,XJ-9A,modify,5
2025-01-13 02:00:00,S290,XJ-9A,access_core,5
2025-01-13 03:00:00,S291,U001,write,2
2025-01-13 03:00:00,S291,U004,access_core,4
2025-01-13 04:00:00,S292,U001,modify,1
2025-01-13 04:00:00,S292,U005,access_core,4
2025-01-13 04:00:00,S292,XJ-9A,read,5
2025-01-13 04:00:00,S292,XJ-9A,modify,5
2025-01-13 04:00:00,S292,XJ-9A,access_core,5
2025-01-13 05:00:00,S293,U001,modify,3
2025-01-13 06:00:00,S294,U001,read,1
2025-01-13 07:00:00,S295,U004,modify,3
2025-01-13 08:00:00,S296,U005,read,2
2025-01-13 08:00:00,S296,U002,access_core,5
2025-01-13 08:00:00,S296,ZK-77,access_core,5
2025-01-13 09:00:00,S297,U004,read,3
2025-01-13 10:00:00,S298,U003,read,2
2025-01-13 10:00:00,S298,U001,access_core,5
2025-01-13 10:00:00,S298,QP-11,access_core,5
2025-01-13 11:00:00,S299,U002,write,1
2025-01-13 11:00:00,S299,U003,access_core,4
2025-01-13 12:00:00,S300,U004,write,3
2025-01-13 12:00:00,S300,U001,access_core,4
2025-01-13 13:00:00,S301,U003,write,2
2025-01-13 13:00:00,S301,QP-11,access_core,5
2025-01-13 14:00:00,S302,U003,write,1
2025-01-13 15:00:00,S303,U001,read,3
2025-01-13 16:00:00,S304,U006,modify,3
2025-01-13 17:00:00,S305,U006,read,1
2025-01-13 17:00:00,S305,U005,access_core,4
2025-01-13 18:00:00,S306,U002,modify,3
2025-01-13 19:00:00,S307,U003,read,1
2025-01-13 20:00:00,S308,U005,write,3
2025-01-13 21:00:00,S309,U002,write,1
2025-01-13 22:00:00,S310,U003,write,2
2025-01-13 22:00:00,S310,U002,access_core,4
2025-01-13 23:00:00,S311,U003,modify,2
2025-01-14 00:00:00,S312,U006,write,2
2025-01-14 00:00:00,S312,ZK-77,access_core,5
2025-01-14 01:00:00,S313,U001,write,1
2025-01-14 01:00:00,S313,U006,modify,4
2025-01-14 02:00:00,S314,U004,modify,1
2025-01-14 02:00:00,S314,U002,modify,4
2025-01-14 03:00:00,S315,U005,write,2
2025-01-14 03:00:00,S315,U004,access_core,4
2025-01-14 03:00:00,S315,U004,modify,4
2025-01-14 03:00:00,S315,XJ-9A,read,5
2025-01-14 03:00:00,S315,XJ-9A,modify,5
2025-01-14 03:00:00,S315,XJ-9A,access_core,5
2025-01-14 04:00:00,S316,U002,modify,2
2025-01-14 04:00:00,S316,U003,access_core,5
2025-01-14 04:00:00,S316,XJ-9A,read,5
2025-01-14 04:00:00,S316,XJ-9A,modify,5
2025-01-14 04:00:00,S316,XJ-9A,access_core,5
2025-01-14 05:00:00,S317,U006,read,2
2025-01-14 06:00:00,S318,U003,read,2
2025-01-14 07:00:00,S319,U004,read,3
2025-01-14 08:00:00,S320,U006,read,1
2025-01-14 09:00:00,S321,U003,modify,2
2025-01-14 10:00:00,S322,U005,read,1
2025-01-14 11:00:00,S323,U006,read,2
2025-01-14 12:00:00,S324,U006,write,3
2025-01-14 13:00:00,S325,U005,write,2
2025-01-14 13:00:00,S325,U002,access_core,4
2025-01-14 13:00:00,S325,QP-11,access_core,5
2025-01-14 14:00:00,S326,U001,write,2
2025-01-14 14:00:00,S326,U004,access_core,5
2025-01-14 15:00:00,S327,U006,write,2
2025-01-14 15:00:00,S327,U003,access_core,4
2025-01-14 16:00:00,S328,U006,modify,2
2025-01-14 17:00:00,S329,U003,write,2
2025-01-14 18:00:00,S330,U003,modify,2
2025-01-14 18:00:00,S330,U003,access_core,5
2025-01-14 19:00:00,S331,U005,write,2
2025-01-14 20:00:00,S332,U002,read,2
2025-01-14 20:00:00,S332,U002,access_core,4
2025-01-14 21:00:00,S333,U003,read,1
2025-01-14 22:00:00,S334,U002,read,3
2025-01-14 23:00:00,S335,U001,read,1
2025-01-14 23:00:00,S335,ZK-77,access_core,5
2025-01-15 00:00:00,S336,U006,read,1
2025-01-15 01:00:00,S337,U002,read,1
2025-01-15 02:00:00,S338,U005,modify,2
2025-01-15 02:00:00,S338,U003,modify,4
2025-01-15 02:00:00,S338,ZK-77,access_core,5
2025-01-15 03:00:00,S339,U005,write,3
2025-01-15 03:00:00,S339,U005,modify,4
2025-01-15 04:00:00,S340,U005,read,2
2025-01-15 04:00:00,S340,U003,access_core,5
2025-01-15 05:00:00,S341,U004,modify,2
2025-01-15 06:00:00,S342,U003,modify,1
2025-01-15 07:00:00,S343,U004,read,1
2025-01-15 08:00:00,S344,U006,write,2
2025-01-15 09:00:00,S345,U003,read,3
2025-01-15 10:00:00,S346,U005,modify,1
2025-01-15 11:00:00,S347,U004,modify,2
2025-01-15 11:00:00,S347,QP-11,access_core,5
2025-01-15 12:00:00,S348,U006,read,2
2025-01-15 12:00:00,S348,U006,access_core,4
2025-01-15 12:00:00,S348,QP-11,access_core,5
2025-01-15 13:00:00,S349,U005,read,3
2025-01-15 13:00:00,S349,QP-11,access_core,5
2025-01-15 14:00:00,S350,U005,modify,1
2025-01-15 14:00:00,S350,QP-11,access_core,5
2025-01-15 15:00:00,S351,U004,read,3
2025-01-15 16:00:00,S352,U006,modify,2
2025-01-15 16:00:00,S352,U005,access_core,4
2025-01-15 16:00:00,S352,U002,access_core,5
2025-01-15 16:00:00,S352,QP-11,access_core,5
2025-01-15 17:00:00,S353,U004,write,1
2025-01-15 18:00:00,S354,U006,read,1
2025-01-15 19:00:00,S355,U001,read,2
2025-01-15 19:00:00,S355,ZK-77,access_core,5
2025-01-15 20:00:00,S356,U006,read,1
2025-01-15 21:00:00,S357,U004,write,1
2025-01-15 21:00:00,S357,U005,access_core,4
2025-01-15 21:00:00,S357,U005,access_core,5
2025-01-15 22:00:00,S358,U004,write,1
2025-01-15 23:00:00,S359,U002,modify,1
2025-01-15 23:00:00,S359,U003,access_core,5
2025-01-16 00:00:00,S360,U006,write,2
2025-01-16 01:00:00,S361,U006,modify,2
2025-01-16 01:00:00,S361,U006,access_core,5
2025-01-16 01:00:00,S361,U001,access_core,5
2025-01-16 02:00:00,S362,U003,modify,2
2025-01-16 03:00:00,S363,U001,modify,3
2025-01-16 03:00:00,S363,U004,modify,4
2025-01-16 03:00:00,S363,U006,access_core,5
2025-01-16 03:00:00,S363,ZK-77,access_core,5
2025-01-16 04:00:00,S364,U004,read,2
2025-01-16 04:00:00,S364,U006,modify,4
2025-01-16 04:00:00,S364,ZK-77,access_core,5
2025-01-16 05:00:00,S365,U002,read,1
2025-01-16 06:00:00,S366,U005,write,1
2025-01-16 07:00:00,S367,U006,write,1
2025-01-16 07:00:00,S367,U004,access_core,5
2025-01-16 08:00:00,S368,U004,read,1
2025-01-16 08:00:00,S368,U005,access_core,4
2025-01-16 08:00:00,S368,U003,access_core,5
2025-01-16 09:00:00,S369,U001,read,3
2025-01-16 10:00:00,S370,U001,modify,2
2025-01-16 10:00:00,S370,U006,access_core,4
2025-01-16 11:00:00,S371,U005,modify,3
2025-01-16 11:00:00,S371,U006,access_core,5
2025-01-16 12:00:00,S372,U004,write,2
2025-01-16 13:00:00,S373,U006,read,2
2025-01-16 13:00:00,S373,ZK-77,access_core,5
2025-01-16 13:00:00,S373,QP-11,access_core,5
2025-01-16 14:00:00,S374,U004,write,1
2025-01-16 15:00:00,S375,U005,read,1
2025-01-16 15:00:00,S375,ZK-77,access_core,5
2025-01-16 16:00:00,S376,U004,read,2
2025-01-16 17:00:00,S377,U006,write,1
2025-01-16 17:00:00,S377,U001,access_core,5
2025-01-16 18:00:00,S378,U005,modify,3
2025-01-16 19:00:00,S379,U003,write,3
2025-01-16 20:00:00,S380,U004,modify,1
2025-01-16 21:00:00,S381,U005,write,3
2025-01-16 22:00:00,S382,U006,modify,2
2025-01-16 22:00:00,S382,U004,access_core,5
2025-01-16 23:00:00,S383,U002,write,1
2025-01-17 00:00:00,S384,U004,read,1
2025-01-17 01:00:00,S385,U002,modify,1
2025-01-17 01:00:00,S385,U002,access_core,5
2025-01-17 02:00:00,S386,U001,read,3
2025-01-17 02:00:00,S386,U002,modify,4
2025-01-17 03:00:00,S387,U002,read,1
2025-01-17 03:00:00,S387,ZK-77,access_core,5
2025-01-17 03:00:00,S387,XJ-9A,read,5
2025-01-17 03:00:00,S387,XJ-9A,modify,5
2025-01-17 03:00:00,S387,XJ-9A,access_core,5
2025-01-17 04:00:00,S388,U001,modify,3
2025-01-17 04:00:00,S388,U005,modify,4
2025-01-17 05:00:00,S389,U001,read,2
2025-01-17 06:00:00,S390,U003,modify,3
2025-01-17 06:00:00,S390,U003,access_core,5
2025-01-17 07:00:00,S391,U002,modify,1
2025-01-17 07:00:00,S391,U004,access_core,4
2025-01-17 08:00:00,S392,U004,read,3
2025-01-17 08:00:00,S392,U001,access_core,4
2025-01-17 09:00:00,S393,U005,write,2
2025-01-17 10:00:00,S394,U001,read,2
2025-01-17 11:00:00,S395,U006,read,3
2025-01-17 11:00:00,S395,U005,access_core,5
2025-01-17 12:00:00,S396,U003,modify,1
2025-01-17 12:00:00,S396,U006,access_core,5
2025-01-17 13:00:00,S397,U003,write,2
2025-01-17 14:00:00,S398,U005,read,2
2025-01-17 15:00:00,S399,U001,read,1
2025-01-17 16:00:00,S400,U006,read,1
2025-01-17 16:00:00,S400,QP-11,access_core,5
2025-01-17 17:00:00,S401,U003,modify,2
2025-01-17 18:00:00,S402,U005,write,3
2025-01-17 19:00:00,S403,U003,read,3
2025-01-17 19:00:00,S403,U003,access_core,4
2025-01-17 20:00:00,S404,U004,modify,1
2025-01-17 21:00:00,S405,U001,write,3
2025-01-17 21:00:00,S405,U005,access_core,4
2025-01-17 21:00:00,S405,U005,access_core,5
2025-01-17 22:00:00,S406,U004,write,3
2025-01-17 22:00:00,S406,U003,access_core,4
2025-01-17 23:00:00,S407,U005,modify,2
2025-01-17 23:00:00,S407,U003,access_core,4
2025-01-17 23:00:00,S407,ZK-77,access_core,5
2025-01-18 00:00:00,S408,U004,read,2
2025-01-18 00:00:00,S408,U006,access_core,4
2025-01-18 00:00:00,S408,U003,access_core,5
2025-01-18 01:00:00,S409,U004,write,3
2025-01-18 02:00:00,S410,U003,modify,1
2025-01-18 03:00:00,S411,U004,modify,1
2025-01-18 03:00:00,S411,U005,modify,4
2025-01-18 04:00:00,S412,U003,modify,2
2025-01-18 04:00:00,S412,U006,access_core,5
2025-01-18 04:00:00,S412,U002,modify,4
2025-01-18 05:00:00,S413,U006,write,2
2025-01-18 06:00:00,S414,U001,modify,2
2025-01-18 06:00:00,S414,U003,access_core,5
2025-01-18 07:00:00,S415,U002,read,3
2025-01-18 07:00:00,S415,U003,access_core,4
2025-01-18 08:00:00,S416,U001,modify,1
2025-01-18 08:00:00,S416,U005,access_core,4
2025-01-18 09:00:00,S417,U001,modify,2
2025-01-18 09:00:00,S417,U001,access_core,4
2025-01-18 10:00:00,S418,U006,modify,3
2025-01-18 11:00:00,S419,U005,read,3
2025-01-18 12:00:00,S420,U002,write,2
2025-01-18 12:00:00,S420,U005,access_core,4
2025-01-18 13:00:00,S421,U003,modify,2
2025-01-18 13:00:00,S421,U003,access_core,4
2025-01-18 13:00:00,S421,U005,access_core,5
2025-01-18 14:00:00,S422,U006,read,1
2025-01-18 14:00:00,S422,QP-11,access_core,5
2025-01-18 15:00:00,S423,U001,modify,3
2025-01-18 16:00:00,S424,U004,write,2
2025-01-18 17:00:00,S425,U006,modify,1
2025-01-18 18:00:00,S426,U006,write,2
2025-01-18 19:00:00,S427,U001,modify,1
2025-01-18 19:00:00,S427,U002,access_core,4
2025-01-18 20:00:00,S428,U006,write,1
2025-01-18 20:00:00,S428,U002,access_core,4
2025-01-18 21:00:00,S429,U004,read,1
2025-01-18 22:00:00,S430,U001,modify,2
2025-01-18 23:00:00,S431,U005,modify,1
2025-01-19 00:00:00,S432,U001,write,3
2025-01-19 01:00:00,S433,U002,modify,3
2025-01-19 01:00:00,S433,U004,modify,4
2025-01-19 01:00:00,S433,U004,access_core,5
2025-01-19 02:00:00,S434,U006,read,1
2025-01-19 02:00:00,S434,U006,access_core,5
2025-01-19 03:00:00,S435,U001,modify,3
2025-01-19 03:00:00,S435,U006,access_core,4
2025-01-19 03:00:00,S435,U001,modify,4
2025-01-19 03:00:00,S435,U005,access_core,5
2025-01-19 04:00:00,S436,U001,read,2
2025-01-19 04:00:00,S436,U005,modify,4
2025-01-19 04:00:00,S436,ZK-77,access_core,5
2025-01-19 05:00:00,S437,U004,write,3
2025-01-19 06:00:00,S438,U006,write,1
2025-01-19 07:00:00,S439,U001,read,2
2025-01-19 08:00:00,S440,U002,write,1
2025-01-19 08:00:00,S440,ZK-77,access_core,5
2025-01-19 09:00:00,S441,U004,write,2
2025-01-19 09:00:00,S441,U003,access_core,4
2025-01-19 10:00:00,S442,U005,modify,1
2025-01-19 11:00:00,S443,U004,modify,1
2025-01-19 11:00:00,S443,QP-11,access_core,5
2025-01-19 12:00:00,S444,U003,modify,2
2025-01-19 13:00:00,S445,U001,read,3
2025-01-19 13:00:00,S445,QP-11,access_core,5
2025-01-19 14:00:00,S446,U003,read,1
2025-01-19 14:00:00,S446,ZK-77,access_core,5
2025-01-19 15:00:00,S447,U001,modify,1
2025-01-19 16:00:00,S448,U005,read,1
2025-01-19 16:00:00,S448,U004,access_core,4
2025-01-19 16:00:00,S448,ZK-77,access_core,5
2025-01-19 17:00:00,S449,U004,write,1
2025-01-19 17:00:00,S449,U004,access_core,4
2025-01-19 18:00:00,S450,U004,write,1
2025-01-19 18:00:00,S450,U002,access_core,4
2025-01-19 19:00:00,S451,U002,read,2
2025-01-19 20:00:00,S452,U004,modify,3
2025-01-19 21:00:00,S453,U004,write,2
2025-01-19 22:00:00,S454,U002,write,1
2025-01-19 23:00:00,S455,U006,read,2
2025-01-20 00:00:00,S456,U002,read,2
2025-01-20 00:00:00,S456,U006,access_core,4
2025-01-20 01:00:00,S457,U006,write,2
2025-01-20 01:00:00,S457,U006,access_core,5
2025-01-20 02:00:00,S458,U004,read,1
2025-01-20 02:00:00,S458,U006,access_core,5
2025-01-20 03:00:00,S459,U004,modify,2
2025-01-20 04:00:00,S460,U002,write,2
2025-01-20 04:00:00,S460,U003,access_core,4
2025-01-20 04:00:00,S460,U001,modify,4
2025-01-20 05:00:00,S461,U005,write,2
2025-01-20 06:00:00,S462,U001,modify,2
2025-01-20 06:00:00,S462,ZK-77,access_core,5
2025-01-20 07:00:00,S463,U002,read,2
2025-01-20 07:00:00,S463,U002,access_core,5
2025-01-20 08:00:00,S464,U002,modify,3
2025-01-20 09:00:00,S465,U004,read,1
2025-01-20 09:00:00,S465,U001,access_core,4
2025-01-20 10:00:00,S466,U001,read,1
2025-01-20 10:00:00,S466,QP-11,access_core,5
2025-01-20 11:00:00,S467,U003,read,3
2025-01-20 12:00:00,S468,U004,read,3
2025-01-20 13:00:00,S469,U004,modify,2
2025-01-20 14:00:00,S470,U006,write,1
2025-01-20 14:00:00,S470,U004,access_core,4
2025-01-20 15:00:00,S471,U003,write,3
2025-01-20 16:00:00,S472,U005,read,2
2025-01-20 16:00:00,S472,QP-11,access_core,5
2025-01-20 17:00:00,S473,U005,read,3
2025-01-20 17:00:00,S473,U006,access_core,5
2025-01-20 18:00:00,S474,U004,write,3
2025-01-20 19:00:00,S475,U003,modify,1
2025-01-20 20:00:00,S476,U004,modify,2
2025-01-20 21:00:00,S477,U005,read,3
2025-01-20 21:00:00,S477,U006,access_core,4
2025-01-20 22:00:00,S478,U004,write,2
2025-01-20 22:00:00,S478,U002,access_core,4
2025-01-20 23:00:00,S479,U005,read,3
2025-01-20 23:00:00,S479,U004,access_core,5
2025-01-21 00:00:00,S480,U006,modify,3
2025-01-21 01:00:00,S481,U002,write,2
2025-01-21 01:00:00,S481,U006,access_core,5
2025-01-21 02:00:00,S482,U006,modify,2
2025-01-21 02:00:00,S482,U002,access_core,5
2025-01-21 02:00:00,S482,XJ-9A,read,5
2025-01-21 02:00:00,S482,XJ-9A,modify,5
2025-01-21 02:00:00,S482,XJ-9A,access_core,5
2025-01-21 03:00:00,S483,U006,read,1
2025-01-21 03:00:00,S483,U001,access_core,5
2025-01-21 03:00:00,S483,U004,modify,4
2025-01-21 04:00:00,S484,U001,read,3
2025-01-21 05:00:00,S485,U003,write,1
2025-01-21 05:00:00,S485,U002,access_core,4
2025-01-21 06:00:00,S486,U001,write,3
2025-01-21 06:00:00,S486,U001,access_core,4
2025-01-21 07:00:00,S487,U004,read,3
2025-01-21 07:00:00,S487,U001,access_core,4
2025-01-21 08:00:00,S488,U001,read,3
2025-01-21 09:00:00,S489,U004,write,1
2025-01-21 09:00:00,S489,U004,access_core,4
2025-01-21 09:00:00,S489,U006,access_core,5
2025-01-21 10:00:00,S490,U005,modify,3
2025-01-21 11:00:00,S491,U005,read,1
2025-01-21 12:00:00,S492,U003,modify,3
2025-01-21 13:00:00,S493,U002,write,3
2025-01-21 13:00:00,S493,U006,access_core,5
2025-01-21 14:00:00,S494,U003,modify,2
2025-01-21 14:00:00,S494,U004,access_core,4
2025-01-21 14:00:00,S494,ZK-77,access_core,5
2025-01-21 15:00:00,S495,U005,modify,1
2025-01-21 16:00:00,S496,U003,read,2
2025-01-21 16:00:00,S496,U001,access_core,4
2025-01-21 16:00:00,S496,QP-11,access_core,5
2025-01-21 17:00:00,S497,U004,read,1
2025-01-21 18:00:00,S498,U003,write,1
2025-01-21 18:00:00,S498,U005,access_core,4
2025-01-21 19:00:00,S499,U001,read,2
