timestamp,session_id,user_id,event
2025-01-01 00:00:00,S0,U002,login_success
2025-01-01 00:00:00,S0,U002,file_access
2025-01-01 01:00:00,S1,U005,login_success
2025-01-01 01:00:00,S1,U005,file_access
2025-01-01 02:00:00,S2,U001,login_success
2025-01-01 02:00:00,S2,U002,login_success
2025-01-01 03:00:00,S3,U002,login_success
2025-01-01 04:00:00,S4,U003,login_success
2025-01-01 04:00:00,S4,U003,file_access
2025-01-01 04:00:00,S4,XJ-9A,core_override
2025-01-01 04:00:00,S4,XJ-9A,silent_access
2025-01-01 05:00:00,S5,U004,login_success
2025-01-01 06:00:00,S6,U002,login_success
2025-01-01 06:00:00,S6,ZK-77,login_failed
2025-01-01 07:00:00,S7,U003,login_success
2025-01-01 08:00:00,S8,U001,login_success
2025-01-01 09:00:00,S9,U001,login_success
2025-01-01 10:00:00,S10,U002,login_success
2025-01-01 11:00:00,S11,U002,login_success
2025-01-01 12:00:00,S12,U003,login_success
2025-01-01 13:00:00,S13,U003,login_success
2025-01-01 14:00:00,S14,U006,login_success
2025-01-01 15:00:00,S15,U001,login_success
2025-01-01 16:00:00,S16,U001,login_success
2025-01-01 17:00:00,S17,U004,login_success
2025-01-01 18:00:00,S18,U006,login_success
2025-01-01 19:00:00,S19,U002,login_success
2025-01-01 20:00:00,S20,U004,login_success
2025-01-01 21:00:00,S21,U004,login_success
2025-01-01 22:00:00,S22,U003,login_success
2025-01-01 22:00:00,S22,ZK-77,login_failed
2025-01-01 23:00:00,S23,U004,login_success
2025-01-02 00:00:00,S24,U002,login_success
2025-01-02 01:00:00,S25,U001,login_success
2025-01-02 01:00:00,S25,U004,login_success
2025-01-02 01:00:00,S25,ZK-77,login_failed
2025-01-02 02:00:00,S26,U001,login_success
2025-01-02 02:00:00,S26,U001,file_access
2025-01-02 02:00:00,S26,U002,login_success
2025-01-02 03:00:00,S27,U003,login_success
2025-01-02 03:00:00,S27,U003,file_access
2025-01-02 04:00:00,S28,U002,login_success
2025-01-02 05:00:00,S29,U006,login_success
2025-01-02 06:00:00,S30,U003,login_success
2025-01-02 07:00:00,S31,U002,login_success
2025-01-02 08:00:00,S32,U003,login_success
2025-01-02 09:00:00,S33,U004,login_success
2025-01-02 10:00:00,S34,U002,login_success
2025-01-02 11:00:00,S35,U005,login_success
2025-01-02 12:00:00,S36,U006,login_success
2025-01-02 13:00:00,S37,U004,login_success
2025-01-02 13:00:00,S37,U004,file_access
2025-01-02 14:00:00,S38,U002,login_success
2025-01-02 15:00:00,S39,U003,login_success
2025-01-02 16:00:00,S40,U006,login_success
2025-01-02 17:00:00,S41,U006,login_success
2025-01-02 17:00:00,S41,U006,file_access
2025-01-02 18:00:00,S42,U001,login_success
2025-01-02 19:00:00,S43,U002,login_success
2025-01-02 20:00:00,S44,U005,login_success
2025-01-02 20:00:00,S44,U005,file_access
2025-01-02 21:00:00,S45,U002,login_success
2025-01-02 22:00:00,S46,U003,login_success
2025-01-02 23:00:00,S47,U003,login_success
2025-01-02 23:00:00,S47,ZK-77,login_failed
2025-01-03 00:00:00,S48,U004,login_success
2025-01-03 00:00:00,S48,U004,file_access
2025-01-03 01:00:00,S49,U001,login_success
2025-01-03 02:00:00,S50,U001,login_success
2025-01-03 02:00:00,S50,U005,login_success
2025-01-03 03:00:00,S51,U002,login_success
2025-01-03 03:00:00,S51,U001,login_success
2025-01-03 04:00:00,S52,U003,login_success
2025-01-03 05:00:00,S53,U001,login_success
2025-01-03 06:00:00,S54,U006,login_success
2025-01-03 07:00:00,S55,U005,login_success
2025-01-03 08:00:00,S56,U006,login_success
2025-01-03 09:00:00,S57,U005,login_success
2025-01-03 09:00:00,S57,U005,file_access
2025-01-03 09:00:00,S57,ZK-77,login_failed
2025-01-03 10:00:00,S58,U002,login_success
2025-01-03 11:00:00,S59,U006,login_success
2025-01-03 11:00:00,S59,U006,file_access
2025-01-03 12:00:00,S60,U001,login_success
2025-01-03 13:00:00,S61,U003,login_success
2025-01-03 13:00:00,S61,U003,file_access
2025-01-03 14:00:00,S62,U004,login_success
2025-01-03 15:00:00,S63,U002,login_success
2025-01-03 16:00:00,S64,U006,login_success
2025-01-03 17:00:00,S65,U006,login_success
2025-01-03 18:00:00,S66,U005,login_success
2025-01-03 19:00:00,S67,U001,login_success
2025-01-03 20:00:00,S68,U002,login_success
2025-01-03 20:00:00,S68,U002,file_access
2025-01-03 21:00:00,S69,U003,login_success
2025-01-03 22:00:00,S70,U005,login_success
2025-01-03 23:00:00,S71,U001,login_success
2025-01-04 00:00:00,S72,U002,login_success
2025-01-04 01:00:00,S73,U002,login_success
2025-01-04 01:00:00,S73,U001,login_success
2025-01-04 02:00:00,S74,U001,login_success
2025-01-04 02:00:00,S74,U001,file_access
2025-01-04 03:00:00,S75,U005,login_success
2025-01-04 03:00:00,S75,XJ-9A,core_override
2025-01-04 03:00:00,S75,XJ-9A,silent_access
2025-01-04 04:00:00,S76,U004,login_success
2025-01-04 05:00:00,S77,U001,login_success
2025-01-04 06:00:00,S78,U001,login_success
2025-01-04 07:00:00,S79,U003,login_success
2025-01-04 08:00:00,S80,U003,login_success
2025-01-04 08:00:00,S80,U003,file_access
2025-01-04 09:00:00,S81,U001,login_success
2025-01-04 10:00:00,S82,U002,login_success
2025-01-04 10:00:00,S82,U002,file_access
2025-01-04 11:00:00,S83,U004,login_success
2025-01-04 11:00:00,S83,U004,file_access
2025-01-04 12:00:00,S84,U004,login_success
2025-01-04 13:00:00,S85,U002,login_success
2025-01-04 14:00:00,S86,U004,login_success
2025-01-04 15:00:00,S87,U005,login_success
2025-01-04 16:00:00,S88,U006,login_success
2025-01-04 17:00:00,S89,U006,login_success
2025-01-04 18:00:00,S90,U003,login_success
2025-01-04 19:00:00,S91,U003,login_success
2025-01-04 20:00:00,S92,U001,login_success
2025-01-04 21:00:00,S93,U002,login_success
2025-01-04 22:00:00,S94,U001,login_success
2025-01-04 23:00:00,S95,U002,login_success
2025-01-05 00:00:00,S96,U002,login_success
2025-01-05 00:00:00,S96,ZK-77,login_failed
2025-01-05 01:00:00,S97,U003,login_success
2025-01-05 02:00:00,S98,U001,login_success
2025-01-05 03:00:00,S99,U003,login_success
2025-01-05 04:00:00,S100,U006,login_success
2025-01-05 04:00:00,S100,U006,file_access
2025-01-05 05:00:00,S101,U003,login_success
2025-01-05 05:00:00,S101,U003,file_access
2025-01-05 06:00:00,S102,U002,login_success
2025-01-05 07:00:00,S103,U004,login_success
2025-01-05 08:00:00,S104,U002,login_success
2025-01-05 09:00:00,S105,U002,login_success
2025-01-05 10:00:00,S106,U001,login_success
2025-01-05 11:00:00,S107,U003,login_success
2025-01-05 12:00:00,S108,U001,login_success
2025-01-05 13:00:00,S109,U005,login_success
2025-01-05 14:00:00,S110,U004,login_success
2025-01-05 15:00:00,S111,U005,login_success
2025-01-05 16:00:00,S112,U006,login_success
2025-01-05 17:00:00,S113,U004,login_success
2025-01-05 18:00:00,S114,U001,login_success
2025-01-05 19:00:00,S115,U005,login_success
2025-01-05 20:00:00,S116,U005,login_success
2025-01-05 21:00:00,S117,U006,login_success
2025-01-05 22:00:00,S118,U005,login_success
2025-01-05 23:00:00,S119,U002,login_success
2025-01-06 00:00:00,S120,U006,login_success
2025-01-06 01:00:00,S121,U003,login_success
2025-01-06 02:00:00,S122,U005,login_success
2025-01-06 02:00:00,S122,XJ-9A,core_override
2025-01-06 02:00:00,S122,XJ-9A,silent_access
2025-01-06 03:00:00,S123,U005,login_success
2025-01-06 04:00:00,S124,U006,login_success
2025-01-06 05:00:00,S125,U006,login_success
2025-01-06 05:00:00,S125,U006,file_access
2025-01-06 06:00:00,S126,U001,login_success
2025-01-06 06:00:00,S126,ZK-77,login_failed
2025-01-06 07:00:00,S127,U003,login_success
2025-01-06 07:00:00,S127,U003,file_access
2025-01-06 08:00:00,S128,U005,login_success
2025-01-06 09:00:00,S129,U001,login_success
2025-01-06 09:00:00,S129,U001,file_access
2025-01-06 10:00:00,S130,U003,login_success
2025-01-06 11:00:00,S131,U003,login_success
2025-01-06 12:00:00,S132,U003,login_success
2025-01-06 13:00:00,S133,U005,login_success
2025-01-06 14:00:00,S134,U005,login_success
2025-01-06 15:00:00,S135,U001,login_success
2025-01-06 16:00:00,S136,U006,login_success
2025-01-06 16:00:00,S136,U006,file_access
2025-01-06 17:00:00,S137,U002,login_success
2025-01-06 18:00:00,S138,U003,login_success
2025-01-06 18:00:00,S138,U003,file_access
2025-01-06 19:00:00,S139,U001,login_success
2025-01-06 20:00:00,S140,U006,login_success
2025-01-06 21:00:00,S141,U004,login_success
2025-01-06 22:00:00,S142,U006,login_success
2025-01-06 23:00:00,S143,U005,login_success
2025-01-07 00:00:00,S144,U002,login_success
2025-01-07 01:00:00,S145,U003,login_success
2025-01-07 02:00:00,S146,U006,login_success
2025-01-07 02:00:00,S146,XJ-9A,core_override
2025-01-07 02:00:00,S146,XJ-9A,silent_access
2025-01-07 03:00:00,S147,U005,login_success
2025-01-07 04:00:00,S148,U004,login_success
2025-01-07 04:00:00,S148,U005,login_success
2025-01-07 04:00:00,S148,XJ-9A,core_override
2025-01-07 04:00:00,S148,XJ-9A,silent_access
2025-01-07 05:00:00,S149,U004,login_success
2025-01-07 06:00:00,S150,U006,login_success
2025-01-07 07:00:00,S151,U003,login_success
2025-01-07 08:00:00,S152,U005,login_success
2025-01-07 09:00:00,S153,U001,login_success
2025-01-07 09:00:00,S153,ZK-77,login_failed
2025-01-07 10:00:00,S154,U002,login_success
2025-01-07 11:00:00,S155,U001,login_success
2025-01-07 12:00:00,S156,U006,login_success
2025-01-07 12:00:00,S156,U006,file_access
2025-01-07 13:00:00,S157,U005,login_success
2025-01-07 14:00:00,S158,U002,login_success
2025-01-07 15:00:00,S159,U003,login_success
2025-01-07 16:00:00,S160,U002,login_success
2025-01-07 16:00:00,S160,U002,file_access
2025-01-07 17:00:00,S161,U006,login_success
2025-01-07 18:00:00,S162,U005,login_success
2025-01-07 19:00:00,S163,U001,login_success
2025-01-07 20:00:00,S164,U003,login_success
2025-01-07 21:00:00,S165,U006,login_success
2025-01-07 21:00:00,S165,U006,file_access
2025-01-07 22:00:00,S166,U004,login_success
2025-01-07 23:00:00,S167,U004,login_success
2025-01-07 23:00:00,S167,U004,file_access
2025-01-08 00:00:00,S168,U002,login_success
2025-01-08 01:00:00,S169,U006,login_success
2025-01-08 02:00:00,S170,U006,login_success
2025-01-08 02:00:00,S170,U006,file_access
2025-01-08 02:00:00,S170,XJ-9A,core_override
2025-01-08 02:00:00,S170,XJ-9A,silent_access
2025-01-08 03:00:00,S171,U003,login_success
2025-01-08 03:00:00,S171,U003,file_access
2025-01-08 03:00:00,S171,U001,login_success
2025-01-08 04:00:00,S172,U002,login_success
2025-01-08 04:00:00,S172,U002,login_success
2025-01-08 05:00:00,S173,U002,login_success
2025-01-08 06:00:00,S174,U002,login_success
2025-01-08 07:00:00,S175,U005,login_success
2025-01-08 08:00:00,S176,U004,login_success
2025-01-08 08:00:00,S176,U004,file_access
2025-01-08 09:00:00,S177,U005,login_success
2025-01-08 10:00:00,S178,U004,login_success
2025-01-08 11:00:00,S179,U001,login_success
2025-01-08 12:00:00,S180,U004,login_success
2025-01-08 13:00:00,S181,U005,login_success
2025-01-08 14:00:00,S182,U006,login_success
2025-01-08 15:00:00,S183,U002,login_success
2025-01-08 16:00:00,S184,U004,login_success
2025-01-08 17:00:00,S185,U003,login_success
2025-01-08 17:00:00,S185,U003,file_access
2025-01-08 18:00:00,S186,U004,login_success
2025-01-08 18:00:00,S186,U004,file_access
2025-01-08 19:00:00,S187,U003,login_success
2025-01-08 19:00:00,S187,U003,file_access
2025-01-08 20:00:00,S188,U006,login_success
2025-01-08 21:00:00,S189,U006,login_success
2025-01-08 21:00:00,S189,U006,file_access
2025-01-08 22:00:00,S190,U003,login_success
2025-01-08 23:00:00,S191,U004,login_success
2025-01-09 00:00:00,S192,U005,login_success
2025-01-09 00:00:00,S192,U005,file_access
2025-01-09 01:00:00,S193,U001,login_success
2025-01-09 02:00:00,S194,U006,login_success
2025-01-09 02:00:00,S194,XJ-9A,core_override
2025-01-09 02:00:00,S194,XJ-9A,silent_access
2025-01-09 03:00:00,S195,U004,login_success
2025-01-09 03:00:00,S195,U001,login_success
2025-01-09 03:00:00,S195,XJ-9A,core_override
2025-01-09 03:00:00,S195,XJ-9A,silent_access
2025-01-09 04:00:00,S196,U002,login_success
2025-01-09 04:00:00,S196,U002,file_access
2025-01-09 05:00:00,S197,U003,login_success
2025-01-09 05:00:00,S197,U003,file_access
2025-01-09 06:00:00,S198,U005,login_success
2025-01-09 07:00:00,S199,U002,login_success
2025-01-09 08:00:00,S200,U006,login_success
2025-01-09 09:00:00,S201,U005,login_success
2025-01-09 10:00:00,S202,U003,login_success
2025-01-09 10:00:00,S202,U003,file_access
2025-01-09 11:00:00,S203,U001,login_success
2025-01-09 12:00:00,S204,U001,login_success
2025-01-09 13:00:00,S205,U005,login_success
2025-01-09 13:00:00,S205,U005,file_access
2025-01-09 13:00:00,S205,ZK-77,login_failed
2025-01-09 14:00:00,S206,U001,login_success
2025-01-09 15:00:00,S207,U001,login_success
2025-01-09 16:00:00,S208,U001,login_success
2025-01-09 17:00:00,S209,U005,login_success
2025-01-09 17:00:00,S209,U005,file_access
2025-01-09 18:00:00,S210,U003,login_success
2025-01-09 18:00:00,S210,U003,file_access
2025-01-09 19:00:00,S211,U002,login_success
2025-01-09 20:00:00,S212,U003,login_success
2025-01-09 21:00:00,S213,U002,login_success
2025-01-09 22:00:00,S214,U006,login_success
2025-01-09 23:00:00,S215,U005,login_success
2025-01-10 00:00:00,S216,U001,login_success
2025-01-10 01:00:00,S217,U001,login_success
2025-01-10 01:00:00,S217,U003,login_success
2025-01-10 02:00:00,S218,U003,login_success
2025-01-10 03:00:00,S219,U005,login_success
2025-01-10 04:00:00,S220,U002,login_success
2025-01-10 05:00:00,S221,U004,login_success
2025-01-10 06:00:00,S222,U003,login_success
2025-01-10 06:00:00,S222,U003,file_access
2025-01-10 07:00:00,S223,U004,login_success
2025-01-10 08:00:00,S224,U001,login_success
2025-01-10 09:00:00,S225,U002,login_success
2025-01-10 10:00:00,S226,U001,login_success
2025-01-10 10:00:00,S226,U001,file_access
2025-01-10 11:00:00,S227,U006,login_success
2025-01-10 12:00:00,S228,U003,login_success
2025-01-10 12:00:00,S228,U003,file_access
2025-01-10 13:00:00,S229,U002,login_success
2025-01-10 14:00:00,S230,U002,login_success
2025-01-10 14:00:00,S230,U002,file_access
2025-01-10 15:00:00,S231,U003,login_success
2025-01-10 16:00:00,S232,U003,login_success
2025-01-10 16:00:00,S232,U003,file_access
2025-01-10 17:00:00,S233,U002,login_success
2025-01-10 18:00:00,S234,U002,login_success
2025-01-10 19:00:00,S235,U001,login_success
2025-01-10 20:00:00,S236,U003,login_success
2025-01-10 21:00:00,S237,U001,login_success
2025-01-10 22:00:00,S238,U005,login_success
2025-01-10 23:00:00,S239,U002,login_success
2025-01-11 00:00:00,S240,U006,login_success
2025-01-11 01:00:00,S241,U002,login_success
2025-01-11 02:00:00,S242,U004,login_success
2025-01-11 02:00:00,S242,U003,login_success
2025-01-11 03:00:00,S243,U003,login_success
2025-01-11 03:00:00,S243,XJ-9A,core_override
2025-01-11 03:00:00,S243,XJ-9A,silent_access
2025-01-11 04:00:00,S244,U003,login_success
2025-01-11 04:00:00,S244,U005,login_success
2025-01-11 05:00:00,S245,U003,login_success
2025-01-11 06:00:00,S246,U001,login_success
2025-01-11 07:00:00,S247,U004,login_success
2025-01-11 08:00:00,S248,U004,login_success
2025-01-11 08:00:00,S248,U004,file_access
2025-01-11 09:00:00,S249,U003,login_success
2025-01-11 10:00:00,S250,U005,login_success
2025-01-11 11:00:00,S251,U001,login_success
2025-01-11 11:00:00,S251,U001,file_access
2025-01-11 12:00:00,S252,U002,login_success
2025-01-11 12:00:00,S252,U002,file_access
2025-01-11 13:00:00,S253,U004,login_success
2025-01-11 14:00:00,S254,U005,login_success
2025-01-11 15:00:00,S255,U002,login_success
2025-01-11 16:00:00,S256,U001,login_success
2025-01-11 16:00:00,S256,U001,file_access
2025-01-11 17:00:00,S257,U006,login_success
2025-01-11 18:00:00,S258,U002,login_success
2025-01-11 18:00:00,S258,U002,file_access
2025-01-11 19:00:00,S259,U006,login_success
2025-01-11 20:00:00,S260,U006,login_success
2025-01-11 21:00:00,S261,U006,login_success
2025-01-11 22:00:00,S262,U005,login_success
2025-01-11 22:00:00,S262,U005,file_access
2025-01-11 22:00:00,S262,ZK-77,login_failed
2025-01-11 23:00:00,S263,U005,login_success
2025-01-12 00:00:00,S264,U001,login_success
2025-01-12 01:00:00,S265,U002,login_success
2025-01-12 01:00:00,S265,U002,login_success
2025-01-12 02:00:00,S266,U001,login_success
2025-01-12 03:00:00,S267,U003,login_success
2025-01-12 03:00:00,S267,U003,login_success
2025-01-12 04:00:00,S268,U004,login_success
2025-01-12 04:00:00,S268,ZK-77,login_failed
2025-01-12 05:00:00,S269,U005,login_success
2025-01-12 06:00:00,S270,U001,login_success
2025-01-12 07:00:00,S271,U006,login_success
2025-01-12 08:00:00,S272,U006,login_success
2025-01-12 08:00:00,S272,U006,file_access
2025-01-12 09:00:00,S273,U004,login_success
2025-01-12 10:00:00,S274,U002,login_success
2025-01-12 10:00:00,S274,U002,file_access
2025-01-12 11:00:00,S275,U003,login_success
2025-01-12 11:00:00,S275,U003,file_access
2025-01-12 12:00:00,S276,U003,login_success
2025-01-12 13:00:00,S277,U002,login_success
2025-01-12 14:00:00,S278,U003,login_success
2025-01-12 15:00:00,S279,U003,login_success
2025-01-12 15:00:00,S279,U003,file_access
2025-01-12 16:00:00,S280,U002,login_success
2025-01-12 17:00:00,S281,U004,login_success
2025-01-12 18:00:00,S282,U005,login_success
2025-01-12 18:00:00,S282,U005,file_access
2025-01-12 19:00:00,S283,U005,login_success
2025-01-12 20:00:00,S284,U006,login_success
2025-01-12 21:00:00,S285,U002,login_success
2025-01-12 22:00:00,S286,U004,login_success
2025-01-12 22:00:00,S286,U004,file_access
2025-01-12 23:00:00,S287,U003,login_success
2025-01-13 00:00:00,S288,U004,login_success
2025-01-13 01:00:00,S289,U003,login_success
2025-01-13 02:00:00,S290,U006,login_success
2025-01-13 02:00:00,S290,U006,file_access
2025-01-13 03:00:00,S291,U002,login_success
2025-01-13 03:00:00,S291,U002,file_access
2025-01-13 04:00:00,S292,U001,login_success
2025-01-13 04:00:00,S292,U002,login_success
2025-01-13 05:00:00,S293,U004,login_success
2025-01-13 06:00:00,S294,U004,login_success
2025-01-13 06:00:00,S294,U004,file_access
2025-01-13 07:00:00,S295,U001,login_success
2025-01-13 08:00:00,S296,U006,login_success
2025-01-13 09:00:00,S297,U001,login_success
2025-01-13 09:00:00,S297,U001,file_access
2025-01-13 10:00:00,S298,U002,login_success
2025-01-13 10:00:00,S298,U002,file_access
2025-01-13 11:00:00,S299,U005,login_success
2025-01-13 12:00:00,S300,U001,login_success
2025-01-13 12:00:00,S300,U001,file_access
2025-01-13 13:00:00,S301,U004,login_success
2025-01-13 13:00:00,S301,U004,file_access
2025-01-13 14:00:00,S302,U003,login_success
2025-01-13 14:00:00,S302,U003,file_access
2025-01-13 15:00:00,S303,U002,login_success
2025-01-13 16:00:00,S304,U006,login_success
2025-01-13 17:00:00,S305,U002,login_success
2025-01-13 18:00:00,S306,U006,login_success
2025-01-13 19:00:00,S307,U003,login_success
2025-01-13 20:00:00,S308,U006,login_success
2025-01-13 20:00:00,S308,U006,file_access
2025-01-13 21:00:00,S309,U005,login_success
2025-01-13 22:00:00,S310,U005,login_success
2025-01-13 23:00:00,S311,U005,login_success
2025-01-13 23:00:00,S311,U005,file_access
2025-01-14 00:00:00,S312,U006,login_success
2025-01-14 01:00:00,S313,U006,login_success
2025-01-14 02:00:00,S314,U004,login_success
2025-01-14 03:00:00,S315,U006,login_success
2025-01-14 03:00:00,S315,U005,login_success
2025-01-14 04:00:00,S316,U004,login_success
2025-01-14 05:00:00,S317,U002,login_success
2025-01-14 05:00:00,S317,U002,file_access
2025-01-14 05:00:00,S317,ZK-77,login_failed
2025-01-14 06:00:00,S318,U005,login_success
2025-01-14 07:00:00,S319,U003,login_success
2025-01-14 08:00:00,S320,U006,login_success
2025-01-14 09:00:00,S321,U001,login_success
2025-01-14 09:00:00,S321,U001,file_access
2025-01-14 10:00:00,S322,U006,login_success
2025-01-14 11:00:00,S323,U004,login_success
2025-01-14 12:00:00,S324,U002,login_success
2025-01-14 12:00:00,S324,U002,file_access
2025-01-14 13:00:00,S325,U003,login_success
2025-01-14 14:00:00,S326,U005,login_success
2025-01-14 14:00:00,S326,ZK-77,login_failed
2025-01-14 15:00:00,S327,U001,login_success
2025-01-14 15:00:00,S327,U001,file_access
2025-01-14 16:00:00,S328,U003,login_success
2025-01-14 16:00:00,S328,U003,file_access
2025-01-14 17:00:00,S329,U003,login_success
2025-01-14 18:00:00,S330,U003,login_success
2025-01-14 19:00:00,S331,U003,login_success
2025-01-14 20:00:00,S332,U004,login_success
2025-01-14 21:00:00,S333,U006,login_success
2025-01-14 21:00:00,S333,U006,file_access
2025-01-14 22:00:00,S334,U001,login_success
2025-01-14 22:00:00,S334,U001,file_access
2025-01-14 23:00:00,S335,U002,login_success
2025-01-15 00:00:00,S336,U001,login_success
2025-01-15 01:00:00,S337,U001,login_success
2025-01-15 02:00:00,S338,U002,login_success
2025-01-15 02:00:00,S338,U002,login_success
2025-01-15 02:00:00,S338,XJ-9A,core_override
2025-01-15 02:00:00,S338,XJ-9A,silent_access
2025-01-15 03:00:00,S339,U003,login_success
2025-01-15 04:00:00,S340,U002,login_success
2025-01-15 04:00:00,S340,U006,login_success
2025-01-15 05:00:00,S341,U001,login_success
2025-01-15 05:00:00,S341,U001,file_access
2025-01-15 06:00:00,S342,U002,login_success
2025-01-15 06:00:00,S342,U002,file_access
2025-01-15 07:00:00,S343,U001,login_success
2025-01-15 08:00:00,S344,U006,login_success
2025-01-15 08:00:00,S344,U006,file_access
2025-01-15 09:00:00,S345,U004,login_success
2025-01-15 10:00:00,S346,U002,login_success
2025-01-15 10:00:00,S346,U002,file_access
2025-01-15 11:00:00,S347,U004,login_success
2025-01-15 12:00:00,S348,U001,login_success
2025-01-15 13:00:00,S349,U004,login_success
2025-01-15 14:00:00,S350,U003,login_success
2025-01-15 15:00:00,S351,U003,login_success
2025-01-15 16:00:00,S352,U002,login_success
2025-01-15 16:00:00,S352,U002,file_access
2025-01-15 17:00:00,S353,U004,login_success
2025-01-15 17:00:00,S353,U004,file_access
2025-01-15 17:00:00,S353,ZK-77,login_failed
2025-01-15 18:00:00,S354,U005,login_success
2025-01-15 18:00:00,S354,U005,file_access
2025-01-15 19:00:00,S355,U002,login_success
2025-01-15 19:00:00,S355,U002,file_access
2025-01-15 20:00:00,S356,U002,login_success
2025-01-15 21:00:00,S357,U004,login_success
2025-01-15 22:00:00,S358,U005,login_success
2025-01-15 23:00:00,S359,U001,login_success
2025-01-16 00:00:00,S360,U006,login_success
2025-01-16 00:00:00,S360,ZK-77,login_failed
2025-01-16 01:00:00,S361,U003,login_success
2025-01-16 01:00:00,S361,U003,file_access
2025-01-16 02:00:00,S362,U003,login_success
2025-01-16 02:00:00,S362,U006,login_success
2025-01-16 03:00:00,S363,U006,login_success
2025-01-16 03:00:00,S363,U006,file_access
2025-01-16 03:00:00,S363,U004,login_success
2025-01-16 04:00:00,S364,U004,login_success
2025-01-16 04:00:00,S364,U004,login_success
2025-01-16 05:00:00,S365,U006,login_success
2025-01-16 05:00:00,S365,U006,file_access
2025-01-16 05:00:00,S365,ZK-77,login_failed
2025-01-16 06:00:00,S366,U003,login_success
2025-01-16 07:00:00,S367,U006,login_success
2025-01-16 07:00:00,S367,U006,file_access
2025-01-16 08:00:00,S368,U005,login_success
2025-01-16 09:00:00,S369,U001,login_success
2025-01-16 10:00:00,S370,U006,login_success
2025-01-16 11:00:00,S371,U003,login_success
2025-01-16 11:00:00,S371,U003,file_access
2025-01-16 12:00:00,S372,U004,login_success
2025-01-16 12:00:00,S372,U004,file_access
2025-01-16 13:00:00,S373,U006,login_success
2025-01-16 14:00:00,S374,U002,login_success
2025-01-16 14:00:00,S374,U002,file_access
2025-01-16 15:00:00,S375,U003,login_success
2025-01-16 16:00:00,S376,U001,login_success
2025-01-16 17:00:00,S377,U006,login_success
2025-01-16 18:00:00,S378,U001,login_success
2025-01-16 19:00:00,S379,U003,login_success
2025-01-16 19:00:00,S379,U003,file_access
2025-01-16 20:00:00,S380,U004,login_success
2025-01-16 21:00:00,S381,U006,login_success
2025-01-16 22:00:00,S382,U003,login_success
2025-01-16 22:00:00,S382,U003,file_access
2025-01-16 22:00:00,S382,ZK-77,login_failed
2025-01-16 23:00:00,S383,U006,login_success
2025-01-17 00:00:00,S384,U005,login_success
2025-01-17 01:00:00,S385,U004,login_success
2025-01-17 02:00:00,S386,U003,login_success
2025-01-17 03:00:00,S387,U003,login_success
2025-01-17 04:00:00,S388,U003,login_success
2025-01-17 05:00:00,S389,U004,login_success
2025-01-17 06:00:00,S390,U001,login_success
2025-01-17 07:00:00,S391,U004,login_success
2025-01-17 08:00:00,S392,U003,login_success
2025-01-17 09:00:00,S393,U004,login_success
2025-01-17 10:00:00,S394,U003,login_success
2025-01-17 11:00:00,S395,U005,login_success
2025-01-17 12:00:00,S396,U001,login_success
2025-01-17 13:00:00,S397,U004,login_success
2025-01-17 14:00:00,S398,U001,login_success
2025-01-17 15:00:00,S399,U004,login_success
2025-01-17 16:00:00,S400,U002,login_success
2025-01-17 17:00:00,S401,U002,login_success
2025-01-17 18:00:00,S402,U001,login_success
2025-01-17 19:00:00,S403,U006,login_success
2025-01-17 20:00:00,S404,U006,login_success
2025-01-17 21:00:00,S405,U006,login_success
2025-01-17 22:00:00,S406,U002,login_success
2025-01-17 23:00:00,S407,U006,login_success
2025-01-18 00:00:00,S408,U001,login_success
2025-01-18 01:00:00,S409,U002,login_success
2025-01-18 01:00:00,S409,U002,file_access
2025-01-18 01:00:00,S409,U001,login_success
2025-01-18 02:00:00,S410,U005,login_success
2025-01-18 02:00:00,S410,U005,file_access
2025-01-18 02:00:00,S410,XJ-9A,core_override
2025-01-18 02:00:00,S410,XJ-9A,silent_access
2025-01-18 03:00:00,S411,U004,login_success
2025-01-18 03:00:00,S411,U004,file_access
2025-01-18 03:00:00,S411,XJ-9A,core_override
2025-01-18 03:00:00,S411,XJ-9A,silent_access
2025-01-18 04:00:00,S412,U001,login_success
2025-01-18 04:00:00,S412,U001,file_access
2025-01-18 04:00:00,S412,XJ-9A,core_override
2025-01-18 04:00:00,S412,XJ-9A,silent_access
2025-01-18 05:00:00,S413,U003,login_success
2025-01-18 06:00:00,S414,U003,login_success
2025-01-18 07:00:00,S415,U002,login_success
2025-01-18 07:00:00,S415,U002,file_access
2025-01-18 08:00:00,S416,U003,login_success
2025-01-18 08:00:00,S416,U003,file_access
2025-01-18 09:00:00,S417,U004,login_success
2025-01-18 10:00:00,S418,U006,login_success
2025-01-18 11:00:00,S419,U004,login_success
2025-01-18 11:00:00,S419,U004,file_access
2025-01-18 12:00:00,S420,U002,login_success
2025-01-18 13:00:00,S421,U002,login_success
2025-01-18 14:00:00,S422,U005,login_success
2025-01-18 14:00:00,S422,U005,file_access
2025-01-18 15:00:00,S423,U002,login_success
2025-01-18 15:00:00,S423,U002,file_access
2025-01-18 16:00:00,S424,U006,login_success
2025-01-18 17:00:00,S425,U006,login_success
2025-01-18 18:00:00,S426,U001,login_success
2025-01-18 18:00:00,S426,U001,file_access
2025-01-18 19:00:00,S427,U006,login_success
2025-01-18 19:00:00,S427,U006,file_access
2025-01-18 20:00:00,S428,U005,login_success
2025-01-18 20:00:00,S428,U005,file_access
2025-01-18 21:00:00,S429,U003,login_success
2025-01-18 21:00:00,S429,U003,file_access
2025-01-18 22:00:00,S430,U004,login_success
2025-01-18 22:00:00,S430,U004,file_access
2025-01-18 23:00:00,S431,U002,login_success
2025-01-19 00:00:00,S432,U004,login_success
2025-01-19 01:00:00,S433,U004,login_success
2025-01-19 01:00:00,S433,U004,file_access
2025-01-19 02:00:00,S434,U002,login_success
2025-01-19 03:00:00,S435,U006,login_success
2025-01-19 03:00:00,S435,ZK-77,login_failed
2025-01-19 04:00:00,S436,U006,login_success
2025-01-19 04:00:00,S436,U006,file_access
2025-01-19 04:00:00,S436,ZK-77,login_failed
2025-01-19 05:00:00,S437,U002,login_success
2025-01-19 05:00:00,S437,U002,file_access
2025-01-19 06:00:00,S438,U005,login_success
2025-01-19 07:00:00,S439,U002,login_success
2025-01-19 08:00:00,S440,U005,login_success
2025-01-19 08:00:00,S440,U005,file_access
2025-01-19 09:00:00,S441,U002,login_success
2025-01-19 09:00:00,S441,U002,file_access
2025-01-19 10:00:00,S442,U006,login_success
2025-01-19 11:00:00,S443,U005,login_success
2025-01-19 12:00:00,S444,U002,login_success
2025-01-19 12:00:00,S444,U002,file_access
2025-01-19 13:00:00,S445,U005,login_success
2025-01-19 13:00:00,S445,U005,file_access
2025-01-19 14:00:00,S446,U005,login_success
2025-01-19 15:00:00,S447,U006,login_success
2025-01-19 15:00:00,S447,ZK-77,login_failed
2025-01-19 16:00:00,S448,U006,login_success
2025-01-19 17:00:00,S449,U001,login_success
2025-01-19 17:00:00,S449,ZK-77,login_failed
2025-01-19 18:00:00,S450,U003,login_success
2025-01-19 19:00:00,S451,U001,login_success
2025-01-19 19:00:00,S451,U001,file_access
2025-01-19 20:00:00,S452,U001,login_success
2025-01-19 21:00:00,S453,U006,login_success
2025-01-19 21:00:00,S453,U006,file_access
2025-01-19 22:00:00,S454,U003,login_success
2025-01-19 23:00:00,S455,U001,login_success
2025-01-19 23:00:00,S455,U001,file_access
2025-01-20 00:00:00,S456,U006,login_success
2025-01-20 01:00:00,S457,U001,login_success
2025-01-20 01:00:00,S457,U001,file_access
2025-01-20 02:00:00,S458,U001,login_success
2025-01-20 02:00:00,S458,U001,login_success
2025-01-20 02:00:00,S458,ZK-77,login_failed
2025-01-20 03:00:00,S459,U003,login_success
2025-01-20 03:00:00,S459,XJ-9A,core_override
2025-01-20 03:00:00,S459,XJ-9A,silent_access
2025-01-20 04:00:00,S460,U005,login_success
2025-01-20 04:00:00,S460,U005,file_access
2025-01-20 04:00:00,S460,U006,login_success
2025-01-20 05:00:00,S461,U002,login_success
2025-01-20 06:00:00,S462,U004,login_success
2025-01-20 06:00:00,S462,U004,file_access
2025-01-20 07:00:00,S463,U001,login_success
2025-01-20 08:00:00,S464,U005,login_success
2025-01-20 09:00:00,S465,U005,login_success
2025-01-20 09:00:00,S465,U005,file_access
2025-01-20 10:00:00,S466,U003,login_success
2025-01-20 11:00:00,S467,U006,login_success
2025-01-20 11:00:00,S467,U006,file_access
2025-01-20 12:00:00,S468,U004,login_success
2025-01-20 13:00:00,S469,U003,login_success
2025-01-20 14:00:00,S470,U006,login_success
2025-01-20 14:00:00,S470,U006,file_access
2025-01-20 15:00:00,S471,U002,login_success
2025-01-20 16:00:00,S472,U006,login_success
2025-01-20 17:00:00,S473,U006,login_success
2025-01-20 17:00:00,S473,U006,file_access
2025-01-20 18:00:00,S474,U003,login_success
2025-01-20 19:00:00,S475,U004,login_success
2025-01-20 20:00:00,S476,U002,login_success
2025-01-20 21:00:00,S477,U001,login_success
2025-01-20 22:00:00,S478,U003,login_success
2025-01-20 23:00:00,S479,U005,login_success
2025-01-21 00:00:00,S480,U001,login_success
2025-01-21 01:00:00,S481,U003,login_success
2025-01-21 01:00:00,S481,U003,login_success
2025-01-21 02:00:00,S482,U003,login_success
2025-01-21 03:00:00,S483,U001,login_success
2025-01-21 04:00:00,S484,U005,login_success
2025-01-21 04:00:00,S484,U005,login_success
2025-01-21 04:00:00,S484,XJ-9A,core_override
2025-01-21 04:00:00,S484,XJ-9A,silent_access
2025-01-21 05:00:00,S485,U004,login_success
2025-01-21 06:00:00,S486,U002,login_success
2025-01-21 07:00:00,S487,U005,login_success
2025-01-21 07:00:00,S487,ZK-77,login_failed
2025-01-21 08:00:00,S488,U006,login_success
2025-01-21 08:00:00,S488,U006,file_access
2025-01-21 09:00:00,S489,U005,login_success
2025-01-21 10:00:00,S490,U002,login_success
2025-01-21 11:00:00,S491,U005,login_success
2025-01-21 12:00:00,S492,U001,login_success
2025-01-21 12:00:00,S492,U001,file_access
2025-01-21 13:00:00,S493,U003,login_success
2025-01-21 14:00:00,S494,U005,login_success
2025-01-21 15:00:00,S495,U006,login_success
2025-01-21 16:00:00,S496,U003,login_success
2025-01-21 16:00:00,S496,U003,file_access
2025-01-21 17:00:00,S497,U002,login_success
2025-01-21 18:00:00,S498,U006,login_success
2025-01-21 19:00:00,S499,U001,login_success
2025-01-21 19:00:00,S499,U001,file_access
